Module Code,Probability
AC5004,0
ACC1701,1
ACC1701X,1
ACC2706,1
ACC2707,0.666666667
ACC2708,1
ACC2709,1
ACC3701,1
ACC3702,1
ACC3703,1
ACC3704,1
ACC3705,1
ACC3706,1
ACC3707,1
ACC4711,1
ACC4712,1
ACC4713,1
ACC4714,1
ACC4761A,1
AH2101,1
AH3202,1
AH3205,1
ALS1010,0.965
AN1101E,1
AN2101,1
AN2202,1
AN2206,1
AN3209,1
AR1102,1
AR1329,1
AR2102,1
AR2225,1
AR2227,1
AR2524,1
AR3102,1
AR3721,1
AR5221,1
AR5321,1
AR5423,1
AR5601,1
AR5802,1
AR5955B,1
AR5955C,0.5
AR5955D,0.8
AR5955E,0.833333333
AR5957I,0.6875
AR5958G,0.833333334
AR5958H,1
AR5958I,1
AR5958J,0.65
AR5958K,0.904761905
AR5959E,0.666666667
AR5959F,1
BN3301,1
BN3402,1
BN4102,1
BN4203,0.75
BN4303,1
BN4404,1
BN4406,1
BN5201,1
BN5202,0
BN5203,0.625
BN5207,0.666666667
BN5209,0.80952381
BSE3701,1
BSE3702,0.666666667
BSE3703,0.666666667
BSE3711,1
BSE4711,0
BSE4761A,0.916666667
BSN3701,0.682539683
BSN3702,0.666666667
BSN3703,0.802083333
BSN3715,1
BSN4711,1
BSP1702,1
BSP1702X,0.769230769
BSP1703,1
BSP1707A,0.666666667
BSP2701,0.762820513
BSP3701A,1
BSP3701B,1
BSP3701C,1
BSP3701D,1
BT1101,1
BT2101,1
BT2102,0.685185185
BT2103,1
BT3017,0.952380952
BT3102,0.571428572
BT3103,0.702380953
BT4014,1
BT4016,1
BT4103,0.166666667
BT4211,1
BT4221,1
BT4222,0.866666667
BT4301,1
CDE2000,0.518518519
CDE2502,1
CDE2503,1
CE2003,1
CE2155,1
CE2407B,1
CE3115,1
CE3132,1
CE3166,1
CE4103,1
CE4104,1
CE5107QA,1
CE5107QB,1
CE5310,1
CE5515,1
CE5604,1
CE5611QA,1
CE5611QB,1
CE5716,0
CE5717,0
CE5809,1
CFG1003,1
CFG1004,1
CFG3001,1
CG2023,1
CG4002,0.666666667
CH1101E,1
CH2121,0.791666667
CH2221,1
CH2275,1
CH2291,1
CH2299,1
CH3225,1
CH3245,1
CH3261,1
CH3294,1
CH4223,1
CH4227,1
CH4281,1
CL1101E,1
CL2102,1
CL3104,1
CLC1101,0.68
CLC2204,0.684848485
CLC3307,1
CLC3308,1
CM1102,0.666666667
CM2112,0.666666667
CM2122,0.666666667
CM2133,0.666666667
CM2143,0.666666667
CM3222,0.5
CM3225,0.5
CM3241,0.5
CM3251,1
CM3253,0.666666667
CM3291,0.5
CM3292,1
CM3296,0.5
CM4211,0.666666667
CM4228,0.666666667
CM4252,0.666666667
CM4258,0.666666667
CM4269,0.666666667
CM4271,1
CM4282,0.666666667
CM5223,1
CM5225,1
CM5239,1
CM5244,0.625
CM5263,1
CN2103,1
CN2105,1
CN2106,1
CN3101,1
CN3101A,1
CN3102,1
CN3121,1
CN3132,1
CN3135,1
CN3421A,1
CN4118,1
CN4122,1
CN4123R,1
CN4124E,1
CN4201R,1
CN4205E,1
CN4221R,1
CN4223R,1
CN4227R,1
CN4247R,1
CN4248,1
CN4249,1
CN4251,0.733333333
CN5111,1
CN5172,1
CN5191,1
CN5194,1
CN5203,0.733333333
CN5215,1
COS1000,1
CP2201,0.712280702
CP3201,0.78125
CS1010,1
CS1010E,0.697435897
CS1010S,1
CS1101S,1
CS1231,0.966666667
CS1231S,1
CS2030,0.723577236
CS2030S,0.777777778
CS2040,0.9
CS2040C,1
CS2040S,0.703703704
CS2100,1
CS2102,1
CS2103,1
CS2103T,0.727272727
CS2105,0.777777778
CS2106,0.7
CS2107,1
CS2108,1
CS2109S,1
CS2113,1
CS2113T,0
CS3203,1
CS3211,0.861111111
CS3213,1
CS3223,1
CS3230,0.716666667
CS3235,1
CS3236,0.733333333
CS3240,1
CS3242,1
CS3243,1
CS3244,1
CS3245,0.733333333
CS3247,0.708333333
CS3263,1
CS3264,1
CS4215,0.888888889
CS4218,1
CS4220,1
CS4221,1
CS4222,0.75
CS4225,0.712962963
CS4230,0.8
CS4231,1
CS4238,0.521739131
CS4239,1
CS4240,0.761904762
CS4242,1
CS4243,1
CS4244,1
CS4246,1
CS4247,0.5
CS4248,0.695652174
CS4249,1
CS4268,1
CS4269,1
CS4277,1
CS4278,0.722222222
CS5222,1
CS5230,0.5
CS5232,1
CS5250,0.2
CS5321,1
CS5331,0.666666667
CS5340,0.571428572
CS5346,1
DAO1704,1
DAO1704X,0.701754386
DAO2702,1
DAO2702X,0.684210526
DAO2703,0.738609113
DBA3701,0.714285714
DBA3702,0.814814815
DBA3711,1
DBA3713,1
DBA3803,1
DBA4711,1
DBA4811,0.904761905
DBA4812,0.833333333
DEP5102,0
DEP5110,0
DEP5111,0
DEP5113,0
DOS3701,1
DOS3702,1
DOS3703,1
DOS3704,1
DOS3712,0
DOS3713,1
DOS3714,1
DOS3811,0.904761905
DOS4715,1
DOS4811,0.701149425
DOS4813,0.69047619
DSA1101,0.661616162
DSA2101,1
DSA2102,1
DSA3102,1
DSA3362,0.5
DSA4212,1
DSA4263,0.736842106
DSA4266,1
DTK1234,1
EC1101E,1
EC2101,0.953586498
EC2102,1
EC2104,1
EC2205,1
EC2303,1
EC2383,1
EC3101,0.69047619
EC3102,1
EC3303,1
EC3304,1
EC3305R,1
EC3312,1
EC3314,1
EC3322,1
EC3332,1
EC3333,1
EC3342,1
EC3343,1
EC3351,1
EC3361,1
EC3394,1
EC3396,1
EC4301,1
EC4302,1
EC4304,0.75
EC4305,0.733333333
EC4306,1
EC4307,1
EC4308,0.5
EC4313,0.75
EC4325,0.717948718
EC4332,0.75
EC4343,0.583333334
EC4351,1
EC4352,0.5
EC4361,0.904761905
EC4371,0.740740741
EC4372,1
EC4382,0.75
EC4383,0.761904762
EC4391,0.525
EC4394,0.733333333
EC4880,1
EC4882,0.666666667
EE2211,1
EE3031,0.952380952
EE3131C,1
EE3331C,1
EE3431C,1
EE4204,1
EE4210,1
EE4218,1
EE4305,0.866666667
EE4308,1
EE4407,1
EE4409,1
EE4415,1
EE4434,1
EE4437,1
EE4438,1
EE4503,1
EE4511,1
EE4513,1
EE4802,1
EE5104,1
EE5106,1
EE5507,1
EE5904,0.666666667
EG1311,1
EG2401A,1
EG2501,1
EG2604,0.5
EL1101E,0.888888889
EL2101,1
EL2111,1
EL3205,1
EL3210,1
EL3211,1
EL3213,1
EL3216,0.5
EL3254,1
EL3259,1
EL4203,1
EL4222,1
EL4880D,1
EL4880F,1
EN1101E,1
EN2201,1
EN2202,1
EN2203,0.727272727
EN2206,1
EN2275,1
EN3220,1
EN3221,1
EN3253,1
EN3254,1
EN3263,1
EN4222,0.666666667
EN4232,1
EN4242,1
EN4263,1
EN4265,1
ENV3104,1
ES1000,0.733333333
ES1103,0.872807018
ES2002,1
ES2631,1
ES2660,0.68707483
ESE2102,1
ESE3101,1
ESE3301,1
ESE4401,0.888888889
ESE4408,1
ESE4502R,1
ESP2110,1
ESP2111,1
ESP3903,1
ESP4401,1
ESP4901,1
ESP5402,1
EU3212,1
FAS1101,1
FAS3550,0.939393939
FIN2704,1
FIN2704X,0.538461539
FIN3701A,0.735632184
FIN3701B,0.694444444
FIN3702A,0.708333333
FIN3702B,0.777777778
FIN3702C,0.789473684
FIN3703A,0.712962963
FIN3703B,0.682539683
FIN3711,1
FIN3712,1
FIN3713,1
FIN3716,1
FIN3717,1
FIN3719,0.714285714
FIN3720,0.777777778
FIN3761A,1
FIN4714,1
FIN4715,0.681818182
FIN4716,0.888888889
FIN4717,1
FIN4718,1
FIN4719,1
FIN4720,0.766666667
FIN4721,0.701754386
FIN4761A,1
FSC4206,1
FSC4208,1
FST1101B,0.666666667
FST2106,1
FST2109,1
FST2201,1
FST4102,1
FST4103,1
FST5201,1
FST5202A,0
FST5203A,1
FST5303A,1
GE1101E,1
GE2101,1
GE2102,1
GE2103,1
GE3206,1
GE3226,1
GE3240,1
GE3248,1
GE3249,1
GE3252,1
GE3256,1
GE3259,1
GE4204,1
GE4223,1
GE4224,1
GE4226,1
GE4227,0.791666667
GE4228,1
GE4230,1
GE4232,0.666666667
GE4235,1
GE4236,1
GE4237,1
GE4239,1
GEA1000N,1
GEC1001,0.878048781
GEC1002,0.789473684
GEC1004,0.958333334
GEC1007,1
GEC1009,0.894736842
GEC1010,0.681192661
GEC1011,0.5
GEC1013,0.5
GEC1015,0.653631285
GEC1016,0.833333334
GEC1023,0.705882353
GEC1030,0.521739131
GEC1031,1
GEC1032,0.951612903
GEC1033,1
GEC1036,1
GEC1039,1
GEC1042,1
GEH1006,1
GEH1008,1
GEH1009,1
GEH1014,1
GEH1018,1
GEH1022,1
GEH1024,1
GEH1026,1
GEH1034,0.722222222
GEH1043,0.6
GEH1045,1
GEH1049,0.844444445
GEH1050,0.9375
GEH1060,0.5
GEH1061,1
GEH1077,0.725806452
GEH1079,1
GEI1001,1
GEN2002Y,0.538461539
GEN2050Y,0.514705883
GEN2060Y,0.5625
GEN2061Y,0.672619048
GEN2062Y,0.535714286
GEN2070Y,0.56
GES1002,1
GES1003,1
GES1004,1
GES1005,1
GES1006,1
GES1007,1
GES1008,1
GES1009,1
GES1012,0.761006289
GES1014,1
GES1015,1
GES1020,0.6
GES1028,1
GES1029,1
GES1031,1
GES1035,0.502702703
GES1041,1
GESS1000,1
GESS1001,1
GESS1002,1
GESS1003,1
GESS1004,1
GESS1005,1
GESS1006,1
GESS1007,0.666666667
GESS1010,0.820512821
GESS1012,1
GESS1013,1
GESS1015,0.575
GESS1020,1
GESS1021,1
GESS1022,1
GESS1025,0.507462687
GESS1029,1
GET1002,1
GET1003,0.9375
GET1008,0.642857143
GET1009,1
GET1020,1
GET1022,0.537037037
GET1023,1
GET1024,1
GET1028,1
GET1029,0.870967742
GET1036,0.772727273
GET1041,0.68
GET1047,0.666666667
GEX1000,1
GEX1001,0.789473684
GEX1004,0.663265306
GEX1005,0.846153846
GEX1007,1
GEX1009,0.6
GEX1010,0.909090909
GEX1014,0.855855856
GEX1015,0.789333333
GEX1019,0.85483871
GEX1023,0.878787879
GEX1027,0.9
GL1101E,1
GL2102,1
GL2103,1
GL3203,1
GL3204,1
GL4883A,0.722222222
GL4883C,1
GL4884B,1
GL4885B,1
GL4886A,0.666666667
HS1301,1
HS1501,0.854082999
HS2301,0.694444444
HS2902,0
HS2906,0.666666667
HSA1000,0.842592593
HSH1000,1
HSI1000,1
HSI2001,1
HSI2002,0.69047619
HSI2003,1
HSI2004,1
HSI2005,1
HSI2007,0.928571429
HSI2008,1
HSI2009,1
HSI2011,1
HSI2012,1
HSI2013,0.854166667
HSI2014,1
HSI2015,1
HSI2016,1
HSS1000,0.636363637
HY1101E,1
HY2207,1
HY2216,1
HY2220,1
HY2235,1
HY2250,1
HY2251,1
HY2259,1
HY2262,1
HY2266,1
HY3225,1
HY3226,1
HY3227,1
HY3231,1
HY3236,1
HY3238,1
HY3243,1
HY3261,1
HY4205,1
HY4210,1
HY4229,1
HY4231,1
HY4233,1
HY4234,1
HY4236,1
HY4238,0.777777778
ID2114,1
ID2115,0.520833334
ID2119,0.909090909
ID2122,1
IE2100,1
IE2111,0.708333333
IE2141,1
IE3120,1
IE4210,1
IE4211,1
IE4213,1
IE4214,1
IE4220,1
IE4242,1
IE4243,1
IE5108,1
IE5121,0.5
IE5202,1
IE5221,1
IFS4101,1
IFS4102,1
INT2101,1
INT3201,1
IPM1103,1
IPM2103,0.5
IPM2104,1
IS1108,1
IS1128,0.713675214
IS2101,0.706666667
IS2102,1
IS2103,1
IS2218,0.673611111
IS2238,0.768115942
IS3103,1
IS3106,1
IS3107,1
IS3240,1
IS4103,1
IS4151,1
IS4228,1
IS4231,0.75
IS4236,0.833333333
IS4238,1
IS4241,1
IS4242,0.833333333
IS4243,1
IS4248,0.777777778
IS4250,1
IS4262,0.666666667
IS4302,0.733333333
IS4303,1
IT1244,1
IT2002,0.833333333
IT3010,1
JS1101E,1
JS2230,1
JS2233,1
JS2234,1
JS3101,1
JS3217,1
JS3223,1
JS3225,1
JS3228,1
JS4207,1
JS4229,1
JS4232,1
LA4202,1
LAB1201,1
LAB2201,1
LAB3201,1
LAB3202,1
LAB4201HM,1
LAB4202,1
LAB4202HM,1
LAC1201,1
LAC2201,1
LAC3201,1
LAC3202,1
LAC3204,1
LAC4202,1
LAC4202HM,1
LAD1004,1
LAD1005,1
LAD2007,1
LAD3002,1
LAF1201,0.872659176
LAF2201,1
LAF3201,1
LAF3202,1
LAF4201,1
LAF4201HM,1
LAF4202HM,0.833333333
LAF4204,0.5
LAF4204HM,1
LAG1201,1
LAG2201,1
LAG3201,1
LAG3202,1
LAG4202,1
LAG4202HM,1
LAH1201,1
LAH2201,1
LAH3201,1
LAH3202,1
LAJ1201,0.824858757
LAJ2201,1
LAJ2202,1
LAJ2203,0.898550725
LAJ3201,0.960784314
LAJ3202,0.833333333
LAJ3204,1
LAK1201,0.795865633
LAK2201,1
LAK3202,1
LAK4202,0.833333334
LAK4202HM,1
LAL1201,1
LAL2201,1
LAM1201,0.872340426
LAM2201,1
LAM3201,1
LAM3202,1
LAM4202HM,1
LAR1201,1
LAR2201,1
LAR3202,1
LAR4202,1
LAR4202HM,1
LAS1201,1
LAS2201,1
LAS3201,1
LAS3202,1
LAS4201,1
LAS4201HM,1
LAS4202,1
LAS4202HM,1
LAT1201,1
LAT2201,1
LAT3201,1
LAT3202,1
LAT4201HM,1
LAT4202HM,1
LAT4204HM,1
LAV1201,1
LAV2201,1
LAV3201,1
LAV3202,1
LAV4202HM,1
LL4004V,0.666666667
LL4008BV,1
LL4014V,0.666666667
LL4018V,0.666666667
LL4024V,0.666666667
LL4029BV,0.666666667
LL4043,0.666666667
LL4044V,0.666666667
LL4050V,1
LL4054,0.666666667
LL4063V,0.666666667
LL4074V,0.666666667
LL4089V,0.666666667
LL4099V,1
LL4104V,0.666666667
LL4133V,1
LL4158V,0.666666667
LL4188V,0.666666667
LL4202V,0.666666667
LL4208V,1
LL4254V,1
LL4277V,0.666666667
LL4290V,1
LL4295,0.666666667
LL4303V,0.666666667
LL4308V,0.666666667
LL4309,1
LL4313,0.666666667
LL4327V,0.666666667
LL4338V,0.5
LL4343V,0.666666667
LL4349V,1
LL4350,0.666666667
LL4357V,0.666666667
LL4360Z,0.5
LL4361Z,0.5
LL4394,1
LL4396,0.666666667
LL4402,0.666666667
LL4405A,0.666666667
LL4407,0.666666667
LL4412,0.666666667
LL4437V,0.666666667
LL4438V,0.666666667
LL4449,1
LL4450V,0.666666667
LL4452V,0.666666667
LL4453,0.666666667
LL4455V,1
LL4461V,0.666666667
LL4476,1
LL4477,0.666666667
LL4478,1
LL4479,0.666666667
LL4480,0.666666667
LL4481,0.666666667
LL4482V,0.666666667
LL4483V,0.666666667
LSM1111,1
LSM1301,1
LSM1303,1
LSM2105,1
LSM2106,0.888888889
LSM2107,1
LSM2191,1
LSM2233,0.349206349
LSM2234,0.761904762
LSM2251,0.777777778
LSM2252,1
LSM2254,1
LSM2291,1
LSM3201,0.75
LSM3210,1
LSM3211,1
LSM3214,1
LSM3216,1
LSM3220,1
LSM3222,0.703703704
LSM3223,1
LSM3224,0.75
LSM3225,1
LSM3226,1
LSM3232,1
LSM3241,1
LSM3242,1
LSM3243,1
LSM3244,1
LSM3247,1
LSM3252,1
LSM3255,1
LSM3256,1
LSM3257,1
LSM3266,1
LSM3267,1
LSM3272,1
LSM4210,0.722222222
LSM4214,1
LSM4215,0.5
LSM4217,1
LSM4221,1
LSM4222,1
LSM4225,1
LSM4227,1
LSM4229,1
LSM4231,1
LSM4234,1
LSM4236,0.777777778
LSM4241,1
LSM4243,0.535714286
LSM4252,0
LSM4261,1
LSM4264,1
LSM4351,1
MA1100,1
MA1301,1
MA1312,1
MA1508E,1
MA1511,1
MA1512,1
MA1513,1
MA1521,1
MA2001,1
MA2002,1
MA2101,1
MA2104,0.93452381
MA2108,1
MA2116,1
MA2202,1
MA2213,1
MA2401,1
MA3201,1
MA3211,1
MA3227,1
MA3233,1
MA3238,1
MA3252,1
MA3265,1
MA4207,1
MA4221,1
MA4229,1
MA4233,1
MA4251,1
MA4255,1
MA4260,1
MA4261,1
MA4264,1
MA4268,1
MA4273,1
ME2102,1
ME2104,1
ME2112,1
ME2114,1
ME2114E,1
ME2115,1
ME2121,1
ME2134,1
ME2135,1
ME2142,1
ME2162,1
ME3221,1
ME3241,1
ME3281,1
ME3291,1
ME4101A,1
ME4101B,1
ME4102,1
ME4103,1
ME4212,1
ME4227,1
ME4231,1
ME4232,0.75
ME4253,1
ME4255,1
ME4261,1
ME4262,1
MKT1705A,1
MKT1705B,1
MKT1705C,1
MKT1705D,1
MKT1705X,0.838095238
MKT2711,0.69047619
MKT3701A,0.666666667
MKT3701B,0.666666667
MKT3702A,0.710144928
MKT3702B,0.694444444
MKT3711,1
MKT3714A,0.833333333
MKT3714B,1
MKT3715A,1
MKT3715B,1
MKT3716,0.666666667
MKT3717,1
MKT3718,0.916666667
MKT3723,1
MKT3724,1
MKT4720,1
MKT4722,1
MKT4723,0.75
MKT4761A,1
MKT4761F,1
MKT4761H,1
MKT4761J,1
MKT4811A,1
MKT4811B,1
MLE2001A,1
MLE2104,1
MLE2105,1
MLE3102,1
MLE3104,1
MLE3111,1
MLE3202,1
MLE3203,1
MLE4202,1
MLE4206,1
MLE4207,1
MLE4210,1
MLE4222,1
MLE5211,1
MLE5212,1
MLE5214,1
MLE5215,1
MNO1706A,1
MNO1706B,1
MNO1706C,1
MNO1706D,1
MNO1706E,1
MNO1706X,0.75308642
MNO2705A,0.861111111
MNO2705B,1
MNO2705C,1
MNO2705D,1
MNO2705E,1
MNO2705F,1
MNO2706,1
MNO3701,0.777777778
MNO3702,0.666666667
MNO3703,0.666666667
MNO3713,1
MNO3714,1
MNO3761A,1
MNO3811,0
MNO4712,1
MNO4715,1
MNO4717,1
MS1102E,1
MS2210,1
MS2215,1
MS2217,1
MS2218,1
MS3211,1
MS3212,1
MS3213,1
MS4207,1
MS4880B,1
MUA1166,0.666666667
MUA1223,0.666666667
MUA2204,1
MUA2205,0.857142857
MUA2210,1
MUA2270,0.666666667
MUA3205,1
MUA3206,1
MUA3209,0.75
MUA3219,0.714285714
MUA3220,1
MUA3225,1
MUA3274,1
MUA3275,0.666666667
MUH3203,0.666666667
MUH3205,1
MUL1106,1
MUT1201,0.666666667
MUT2202,1
MUT2203,1
MUT3223,1
MUT3224,1
NGN2001A,0.555555556
NGN2001B,1
NGN2001C,0.625
NGN2001D,0.666666667
NGN2001E,0.6
NGN2001F,0.916666667
NGN2001G,1
NGN2001H,0.7
NGN2001I,1
NGN2001J,1
NGN2001K,1
NGN2001L,1
NHS2006,1
NHS2028,0.636363637
NHS2038,1
NHS2043,0.666666667
NHS2051,0.636363637
NHS2054,1
NHS2055,1
NHS2056,1
NHS2057,1
NHS2059,1
NHS2060,0.636363637
NHS2061,1
NHS2062,1
NHS2063,1
NHS4001A,1
NHS4001B,0.833333334
NHS4001C,1
NHS4001D,1
NHS4001E,0.7
NHS4001F,1
NHT2204,1
NM1101E,1
NM2101,0.933333333
NM2103,1
NM2104,1
NM2207,0.675213675
NM2209,1
NM2219,1
NM2220,1
NM3217,0.676923077
NM3219,1
NM3230,0.536585366
NM3243,0.676923077
NM4102,1
NM4206,1
NM4207,0.833333333
NM4208,0.666666667
NM4212,0.666666667
NM4213,0.703703704
NM4230,0.7
NM4231,1
NM4238,1
NM4244,0.777777778
NM4247,0.666666667
NM4253,0.571428572
NM4256,0.722222222
NM4257,0.647058824
NM4258,0.7
NM4260,1
NSS2001A,1
NSS2001B,1
NSS2001C,1
NSS2001D,1
NST2002,0.611111111
NST2006,0.65
NST2007,0.681818182
NST2023,0.8125
NST2036,0.727272728
NST2040,1
NST2044,1
NST2045,1
NST2046,0.657894737
NST2047,0.75
NSW2001A,0.75
NSW2001B,0.642857143
NSW2001C,0.666666667
NSW2001D,0.944444445
NSW2001E,1
NSW2001F,1
NSW2001G,0.625
NSW2001H,1
NSW2001I,1
NTW2001,1
NTW2017,0.6
NTW2028,0.5
NTW2029,1
NTW2030,1
NTW2031,0.5
NTW2032,1
NTW2033,0.5
NTW2034,1
NUR1113A,0.666666667
NUR2124,1
PC1101,1
PC1201,1
PC2031,1
PC2032,1
PC2130,1
PC2135,1
PC2174A,1
PC2193,1
PC2412,1
PC3193,1
PC3232,1
PC3233,1
PC3235B,1
PC3236,1
PC3243,1
PC3246,1
PC3251,1
PC3267,1
PC3274,1
PC3274A,1
PC3295,1
PC4228,1
PC4241,1
PC4242,1
PC4243,1
PC4245,1
PC4246,1
PC4253,1
PC4262,1
PC4274,1
PC5214,0
PC5252,1
PE2101P,1
PE4101E,1
PE4102E,1
PF1101,1
PF1103,1
PF1108,1
PF2103,0.484848485
PF2108,1
PF2110,1
PF2203,1
PF2504,1
PF2505,1
PF3201,1
PF3207,1
PF3301,1
PF3305,1
PF3306,1
PF3502,1
PF4203,0.833333333
PF4208,1
PF4212,0.5
PF4306,1
PF4502,0.209302326
PH2201,0.925925926
PH2204,1
PH2206,0.979166667
PH2221,0.848484848
PH2227,0.73015873
PH2301,1
PH3207,1
PH3213,1
PH3246,1
PH3247,1
PH4201,1
PH4211,1
PH4240,1
PH4243,1
PH4262,1
PHS1101,1
PHS2102,1
PHS2104,1
PHS2105,1
PHS2191,1
PHS3220,1
PL1101E,1
PL2131,1
PL2132,1
PL3102,1
PL3103,0.666666667
PL3104,0.666666667
PL3105,0.68115942
PL3106,0.777777778
PL3238,1
PL3239,1
PL3241,1
PL3248,1
PL3281,1
PL3281A,1
PL3281C,1
PL3281F,1
PL3282,0
PL3283A,0.625
PL3287,0.666666667
PL4201,1
PL4203,1
PL4205,1
PL4207,0.666666667
PL4208,0.5
PL4214,1
PL4218,1
PL4219,0.611111111
PL4224,0.703703704
PL4226,0.75
PL4228,0.666666667
PL4229,0.75
PL4234,1
PL4241,1
PL4242,0.666666667
PL4243,1
PL4244,1
PL4245,1
PL4246,0.75
PL4248,1
PL4249,1
PL4880H,1
PL4880K,0.761904762
PL4880L,1
PL4880P,1
PL4880T,0.916666667
PL4880V,1
PLB1201,0.958333333
PLS8001,0.731060606
PLS8002A,0.708333333
PLS8002B,0.762962963
PLS8003,0.725308642
PLS8004,0.726072607
PLS8005,0.73255814
PR4201,1
PR4205,1
PR4207,1
PS1101E,0.96124031
PS2204,0.714285714
PS2237,0.666666667
PS2244,0.7
PS2251,1
PS2256,0.85
PS3225,0.952380952
PS3236,1
PS3238,1
PS3240,0.666666667
PS3249,0.666666667
PS3257,1
PS3272,1
PS3274,1
PS3275,1
PS3312,0.722222222
PS4218,0.727272727
PS4219,0.68627451
PS4234,0.538461539
PS4308,0.75
PS4312,0.5
PS4313,0.7
PS4881B,0.682539683
PS4881C,0.666666667
PS4882H,0.666666667
PS4883A,0.5
PS5111R,1
PS5201R,1
PS5313R,1
PS5316R,1
PS5506R,1
PS5602R,1
QF1100,0.908424908
QF2313,1
QF3101,1
RE1701,1
RE1703,1
RE1704,1
RE1705,1
RE1706,1
RE1901,1
RE2702,1
RE2704,1
RE2705,1
RE2706,1
RE2707,1
RE2801,0.555555556
RE3701,1
RE3703,1
RE3704,1
RE3802,1
RE3804,1
RE3805,1
RE3806,1
RE3902,1
RE3903,1
RE4805,1
RE4807,1
RE4808,1
RVC1000,1
RVC1001,1
RVSS1000,1
RVSS1001,1
RVSS1002,1
RVX1000,1
RVX1001,0.716666667
RVX1003,0.74
SC1101E,1
SC2101,1
SC2202,1
SC2207,1
SC2211,0.666666667
SC2212,1
SC2213,1
SC2216,0.740740741
SC2220,0.859649123
SC3101,1
SC3203,1
SC3205,1
SC3208,1
SC3214,1
SC3219,0.740740741
SC3221,1
SC3222,1
SC3225,1
SC3226,1
SC3230,1
SC3231,1
SC4201,1
SC4202,0.666666667
SC4204,0.866666667
SC4206,0.703703704
SC4210,1
SC4212,0.696969697
SC4222,0.583333334
SC4224,1
SC4226,0.5
SC4227,0.5
SC4880B,0.666666667
SC4880D,0.5
SC4882,0.833333333
SE1101E,1
SE2213,1
SE2221,0.666666667
SE2225,0.777777778
SE2230,1
SE3222,1
SE3224,1
SE3233,1
SE4210,1
SN1101E,1
SN2213,1
SN2234,1
SN2273,0.666666667
SN2283,1
SN2285,1
SN3275,1
SN4262,1
SP1541,0.735395189
SP2251,1
SP2273,1
SP2401,0.75
SPH2001,1
SPH2002,1
SPH2003,1
SPH2004,0.7
SPH2005,0.875
SPH2202,1
SPH2401,0.964285715
SPH2402,1
SPH3106,1
SPH3107,1
SPH3203,1
SPH3404,0.708333333
SPH3501,0.777777778
ST1131,0.814102564
ST2131,0.833333333
ST2132,1
ST2137,1
ST2334,1
ST3131,0.717391304
ST3232,1
ST3236,1
ST3244,1
ST3246,1
ST3247,1
ST4234,1
ST4238,1
ST4248,1
SW1101E,1
SW2101,1
SW2104,1
SW2105,1
SW2106,1
SW3101,1
SW3105,1
SW3217,1
SW3222,1
SW3223,1
SW4102,1
SW4103,1
SW4201,1
SW4213,0.04
SW4221,0.052631579
SW4224,0.047619048
SW4227,1
SW4228,1
SWM5215R,0
TBA2102,1
TBA2103,1
TBA2104,1
TBA3102,1
TBA3241,1
TBA4204,1
TBA4250,1
TCE2134,1
TCE3116,1
TCE3121,1
TCE3165,1
TCE3166,1
TCE4408,1
TCE5107,1
TCE5611,1
TCN1111,1
TCN2116,1
TCN2125,1
TCN3124,1
TCN4124,1
TCN4205,1
TCN4233,1
TEE2011,1
TEE2023,1
TEE2026,1
TEE2033,1
TEE2101,1
TEE3031,1
TEE3131,1
TEE3201,1
TEE3501,1
TEE4210,1
TIC1002,1
TIC1201,1
TIC2002,1
TIC2003,1
TIC2401,1
TIC2501,1
TIC2701,1
TIC3001,1
TIC3002,1
TIC3301,1
TIC3302,1
TIC4002,1
TIC4003,1
TIC4302,1
TIC4304,1
TIE2100,1
TIE2130,1
TIE3010,1
TIE3100,1
TIE4212,1
TIE4213,1
TIE4220,1
TIE4230,1
TIE4242,1
TMA2101,1
TME2115,1
TME2135,1
TME2143,1
TME3101,1
TME3122,1
TME3251,1
TME4261,1
TME4262,1
TME4264,0.5
TRA2101,1
TRA3203,1
TS1101E,1
TS2232,1
TS2235,1
TS2237,1
TS2239,1
TS2243,1
TS2244,1
TS2880A,1
TS3238,1
TS4222,1
TS4880C,1
TSC3100,1
TSC3222,1
TSC4225,1
TTG1401,1
TTG2901,1
UTC1102D,1
UTC1102G,1
UTC1114,1
UTC1119,1
UTC1123,1
UTC1403,0.705882353
UTC1409,0.75
UTC1417,1
UTC1419,1
UTC1420,0.5
UTC1702D,0.857142857
UTC1702E,1
UTC1702F,0.65625
UTC1702G,1
UTC2102,1
UTC2105,1
UTC2108,1
UTC2113,1
UTC2116,1
UTC2117,1
UTC2406,0.714285715
UTC2409,1
UTC2412,1
UTC2414,1
UTC2416,0.6875
UTC2417,1
UTC2418,1
UTC2700,1
UTC2703,0.657894737
UTC2715,0
UTC2717,0
UTC2723,1
UTC2728,0.676470588
UTC2729,1
UTS2100,1
UTS2101,1
UTS2114,1
UTS2400,1
UTS2404,0.866666667
UTS2407,1
UTS2409,0.708333334
UTS2410,1
UTS2411,0.775
UTS2412,0.775
UTS2413,0.5
UTS2707,0.630434783
UTS2708,0.75
UTS2709,1
UTS2713,1
UTW1001A,0.958333334
UTW1001C,0.653846154
UTW1001D,1
UTW1001I,0.742857143
UTW1001J,1
UTW1001M,0.833333334
UTW1001O,1
UTW1001T,0.683333334
UTW1001Z,0.632352941
YHU2202,0.5
YHU2212,1
YHU2215,0.5
YHU2243,1
YHU2282,1
YHU2291,1
YHU2295,1
YHU2303,0.666666667
YHU2305,1
YHU2314,1
YHU2320,1
YHU2330,1
YHU2332,1
YHU3205,1
YHU3210A,1
YHU3217,0.666666667
YHU3221,1
YHU3283,1
YHU3285,1
YHU3293,1
YHU3295,1
YHU3306,1
YHU3339,0.666666667
YHU3354,1
YHU3360,1
YHU3361,1
YHU3365,0.666666667
YHU3372,0.625
YHU3380,1
YHU3381,1
YHU3382,0.666666667
YHU3383,1
YHU3384,1
YHU4212,1
YHU4215,1
YHU4236,1
YHU4262,1
YHU4266,1
YHU4268,0.5
YID1201,1
YID2201,1
YID2212,1
YID2214,1
YID2215,0.666666667
YID2216,1
YID3214,0.5
YID3218,1
YID3221,0
YID3223,1
YID3225,1
YID3226,1
YID3230,1
YLC1201,1
YLC2201,1
YLN1201,0.5
YLS1201,1
YSC1212,1
YSC1216,1
YSC1218,0.666666667
YSC2209,1
YSC2210,1
YSC2221,1
YSC2232,1
YSC2235,1
YSC2239,1
YSC2246,1
YSC2250,1
YSC2254,1
YSC2255,1
YSC2256,1
YSC2257,1
YSC3203,1
YSC3217,1
YSC3232,1
YSC3241,1
YSC3249,1
YSC3253,1
YSC3255,1
YSC3263,1
YSC3264,1
YSC4205,1
YSC4206,1
YSC4211E,1
YSC4214,1
YSC4216,1
YSC4224,1
YSC4225,1
YSC4228,1
YSC4229,1
YSC4230,1
YSC4234,1
YSC4235,1
YSS1203,1
YSS2201,1
YSS2203,1
YSS2211,1
YSS2214,1
YSS2216,0.666666667
YSS2220,0.5
YSS2223,1
YSS2227,1
YSS2236,1
YSS2240,1
YSS2248,1
YSS2251,1
YSS2252,1
YSS2253,1
YSS3203,1
YSS3207,1
YSS3212,0.666666667
YSS3224,1
YSS3225,1
YSS3226,1
YSS3229,1
YSS3231,1
YSS3235,1
YSS3242,1
YSS3244,1
YSS3246,1
YSS3264,1
YSS3267,1
YSS3274,0.666666667
YSS3293,1
YSS3306,1
YSS3314,1
YSS3315,1
YSS3322,1
YSS3328,0.666666667
YSS3333,1
YSS3336,1
YSS3344,1
YSS3345,1
YSS3346,0.5
YSS3347,1
YSS3348,0.5
YSS3349,1
YSS3350,1
YSS3351,1
YSS3352,1
YSS4206D,0.5
YSS4213,1
YSS4220,1
YSS4224,1
YSS4241,1
YSS4245,1
YSS4263,1
YSS4270,1
YSS4272,1
YSS4274,1
YSS4277,1
YSS4281,0
YSS4282,1
YSS4283,1
YSS4284,1
